Approach,Location,Exp,Habitat,MR_4deg,MR_14deg,MR_26deg,R2/R1_cold,R2/R1_warm,Q10_4_14,Q10_14_26,Max_MR,Max_MR_Temp,TAS
Acute,Biscayan Cove,1,Barren,0.2069817,0.6498719,1.348367,3.13975535,2.074819668,3.13975535,1.837174027,1.630003,26,1.1413853
Acute,Biscayan Cove,1,Kelp,0.4703981,1.2312894,1.702492,2.617547562,1.382690373,2.617547562,1.309998452,2.499624,22,1.2320939
Acute,Tors Cove,2,Barren,0.4233125,0.6364108,1.236661,1.503406585,1.943180411,1.503406585,1.739512697,1.798538,26,0.8133485
Acute,Tors Cove,2,Kelp,0.564721,1.2788818,1.955073,2.264625895,1.528736276,2.264625895,1.424329522,2.570425,26,1.390352
Acute,Bauline,3,Barren,0.370492,0.5769321,1.170764,1.557205284,2.029292529,1.557205284,1.803518273,1.313422,26,0.800272
Acute,Bauline,3,Kelp,0.4234822,0.7221515,1.30417,1.705270021,1.80595069,1.705270021,1.636520966,1.421493,26,0.8806878