Location,Approach,Exp,Habitat,MR_4deg,MR_14deg,MR_26deg,R2/R1_cold,R2/R1_warm,Q10_4_14,Q10_14_26,Max_MR,Max_MR_Temp,TAS,MR_WW_4deg,MR_WW_14deg,MR_WW_26deg,R2/R1_cold_WW,R2/R1_warm_WW,Q10_4_14_WW,Q10_14_26_WW
Biscayan Cove,TPC,4.3,Barren,0.5009259,1.142619,2.133182,2.281014018,1.86692327,2.281014018,1.682436664,2.13,26,1.6322561,0.007344955,0.01675394,0.03127833,2.281013294,1.86692384,2.281013294,1.682437092
Biscayan Cove,TPC,4.3,Barren,0.5087561,1.35644,2.133014,2.666189162,1.57250892,2.666189162,1.45823527,2.27,30,1.7589979,0.006273195,0.01672552,0.02630103,2.666188441,1.572508956,2.666188441,1.458235298
Biscayan Cove,TPC,4.3,Barren,0.3700608,0.8433424,1.435049,2.2789293,1.701620836,2.2789293,1.557347975,1.72,30,1.3492422,0.005402348,0.01231157,0.02094962,2.278929458,1.701620508,2.278929458,1.557347724
Biscayan Cove,TPC,4.3,Barren,0.4182489,0.923526,1.743153,2.208077535,1.887497482,2.208077535,1.697873451,1.85,30,1.4268931,0.005956168,0.01295268,0.02444815,2.174666665,1.887497414,2.174666665,1.6978734
Biscayan Cove,TPC,4.3,Kelp,0.6981787,1.298809,2.636649,1.860281616,2.030051378,1.860281616,1.804080274,2.64,26,1.9384703,0.007002795,0.01302717,0.02644583,1.860281502,2.030051807,1.860281502,1.804080592
Biscayan Cove,TPC,4.3,Kelp,0.536372,0.9790852,2.158417,1.825384621,2.204524182,1.825384621,1.932394188,2.26,30,1.719437,0.006841479,0.01248833,0.02753083,1.82538454,2.204524544,1.82538454,1.932394452
Biscayan Cove,TPC,4.3,Kelp,0.8069529,1.398517,2.313347,1.733083802,1.654142924,1.733083802,1.52105246,2.43,30,1.6191691,0.009561053,0.0165701,0.02740933,1.733083166,1.65414391,1.733083166,1.521053216
Biscayan Cove,TPC,4.3,Kelp,0.7944407,1.36401,2.412865,1.716943757,1.768949641,1.716943757,1.608531455,2.41,26,1.6184243,0.0101132,0.01801863,0.03187404,1.781694221,1.768949138,1.781694221,1.608531073
Biscayan Cove,TPC,4.3,Kelp,0.6210449,1.671895,3.143099,2.692067836,1.879961959,2.692067836,1.692222835,3.14,26,2.5220541,0.005864751,0.01571329,0.02954041,2.67927658,1.879963394,2.67927658,1.692223912